"Name","State","Notes","User","Tags","Created","Runtime","Sweep","hidden_size","input_size","lr","num_classes","num_epochs","optimizer","prefactor","use_mup","act mean(abs(a1))","act mean(abs(a2))","act mean(abs(a3))","act mean(abs(h1))","act mean(abs(h2))","act norm a1","act norm a2","act norm a3","act norm h1","act norm h2","epoch","grad mean(abs(grad_fc1.weight))","grad mean(abs(grad_fc2.weight))","grad mean(abs(grad_fc3.weight))","grad norm fc1.weight","grad norm fc2.weight","grad norm fc3.weight","test_acc","test_loss","train_loss","trainer/global_step","val_acc","val_loss"
"mup_adam_w9192_lr0.0625_e25_b128_2466","finished","-","","","2024-10-18T14:29:37.000Z","968","","9192","3072","0.0625","10","25","adam","1.4142135623730951","true","0.6424597501754761","0.6752206087112427","5.442329406738281","0.32248371839523315","0.510744571685791","504.9181518554687","522.1409912109375","130.02084350585938","356.7595520019531","464.3321838378906","0","0.0002223729097750038","0.00012020680878777056","0.0046246666461229324","1.5623829364776611","1.5514166355133057","1.9460915327072144","0.5620999932289124","1.4834173917770386","0.12490876764059068","0","0.5620999932289124","1.4834173917770386"
"mup_adam_w512_lr0.0625_e25_b128_4003","finished","-","","","2024-10-18T06:20:51.000Z","134","","512","3072","0.0625","10","25","adam","1.4142135623730951","true","0.3422117829322815","0.3846711814403534","4.616558074951172","0.1677316278219223","0.27666348218917847","63.87117004394531","70.49006652832031","114.4743194580078","44.498191833496094","60.80304336547851","0","0.0054915472865104675","0.0014766182284802198","0.002891356591135263","8.806364059448242","1.0145995616912842","0.26852670311927795","0.5314000248908997","1.5667368173599243","0.3716033399105072","0","0.5314000248908997","1.5667365789413452"
"std_adam_w512_lr0.0625_e25_b128_5474","finished","-","","","2024-10-18T06:17:51.000Z","127","","512","3072","0.0625","10","25","adam","1.4142135623730951","false","70.29064178466797","4062.80517578125","0","24.857616424560547","0","13482.37890625","789305.125","0","7925.72998046875","0","0","0","0","0","0","0","0","0.10010000318288804","2.3048641681671143","2.302584171295166","0","0.10010000318288804","2.304865598678589"
"std_adam_w1024_lr0.0625_e25_b128_7168","finished","-","","","2024-10-18T00:14:20.000Z","128","","1024","3072","0.0625","10","25","adam","1.4142135623730951","false","65.319091796875","7360.8994140625","0","22.743000030517575","0","17526.29296875","2026858.125","0","10231.208984375","0","0","0","0","0","0","0","0","0.10010000318288804","2.302903175354004","2.302584171295166","0","0.10010000318288804","2.3029043674468994"
"mup_adam_w1024_lr0.0625_e25_b128_5691","finished","-","","","2024-10-18T00:16:51.000Z","140","","1024","3072","0.0625","10","25","adam","1.4142135623730951","true","0.42739444971084595","0.4659122526645661","4.948639869689941","0.21237802505493164","0.3449690341949463","112.57431030273438","120.67833709716795","121.23088073730467","79.26333618164062","106.15851593017578","0","0.002567790448665619","0.0009178073378279804","0.003975454717874527","5.879061222076416","1.2742784023284912","0.5423140525817871","0.5389000177383423","1.5666009187698364","0.28355854749679565","0","0.5389000177383423","1.5666013956069946"
"std_adam_w2048_lr0.0625_e25_b128_4060","finished","-","","","2024-10-18T01:29:12.000Z","165","","2048","3072","0.0625","10","25","adam","1.4142135623730951","false","50.89556884765625","12277.91796875","0","19.257726669311523","0","19539.64453125","4867064.5","0","11648.18359375","0","0","0","0","0","0","0","0","0.10000000149011612","2.3055262565612793","2.302584171295166","0","0.10000000149011612","2.305527448654175"
"mup_adam_w2048_lr0.0625_e25_b128_4073","finished","-","","","2024-10-18T01:32:47.000Z","184","","2048","3072","0.0625","10","25","adam","1.4142135623730951","true","0.5508555173873901","0.5790805816650391","5.026208877563477","0.27672070264816284","0.4179370403289795","204.58154296875","212.1451110839844","121.89952087402344","144.68988037109375","184.05064392089844","0","0.001069349586032331","0.0005066404119133949","0.004159379284828901","3.5084099769592285","1.446668028831482","0.7875235676765442","0.5479999780654907","1.5356918573379517","0.1806844174861908","0","0.5479999780654907","1.5356918573379517"
"std_adam_w9192_lr0.0625_e25_b128_1338","finished","-","","","2024-10-18T14:16:13.000Z","762","","9192","3072","0.0625","10","25","adam","1.4142135623730951","false","44.64073181152344","40785.4921875","0","14.42002296447754","0","35679.2734375","35490384","0","19496.447265625","0","0","1.1470295199766944e-11","1.1212776177384545e-13","1.6272994063371016e-10","0.000003018050847458653","0.000003756932983378647","0.000009162476999335922","0.10010000318288804","2.3221452236175537","2.302584171295166","0","0.10010000318288804","2.322145938873291"
"std_adam_w4096_lr0.0625_e25_b128_6034","finished","-","","","2024-10-18T08:32:05.000Z","278","","4096","3072","0.0625","10","25","adam","1.4142135623730951","false","51.50312805175781","21287.8203125","0","16.8523006439209","0","27868.85546875","12502748","0","15735.3173828125","0","0","0","0","0","0","0","0","0.10000000149011612","2.3025832176208496","2.302584171295166","0","0.10000000149011612","2.302584409713745"
"mup_adam_w4096_lr0.0625_e25_b128_9993","finished","-","","","2024-10-18T08:37:38.000Z","328","","4096","3072","0.0625","10","25","adam","1.4142135623730951","true","0.6422352194786072","0.6620661020278931","5.257458686828613","0.3220336437225342","0.4893604516983032","336.4749755859375","342.33148193359375","126.85467529296876","237.623046875","301.3180847167969","0","0.0004743572790175676","0.0002647173823788762","0.004585282411426306","2.217966079711914","1.5076035261154177","1.233853101730347","0.555899977684021","1.5105022192001345","0.1549268364906311","0","0.555899977684021","1.5105023384094238"
"mup_adam_w512_lr0.03125_e25_b128_7031","finished","-","","","2024-10-18T06:14:07.000Z","172","","512","3072","0.03125","10","25","adam","1.4142135623730951","true","0.3207305073738098","0.3867027163505554","3.2461979389190674","0.16277113556861875","0.3157515525817871","59.83165740966797","70.1261978149414","80.50769805908203","42.576515197753906","64.80497741699219","0","0.004758031107485294","0.0011907995212823153","0.004080624785274267","7.690619945526123","0.8250014781951904","0.375103622674942","0.5335000157356262","1.3675647974014282","0.7707598209381104","0","0.5335000157356262","1.367564678192139"
"std_adam_w1024_lr0.03125_e25_b128_4642","finished","-","","","2024-10-18T00:09:01.000Z","132","","1024","3072","0.03125","10","25","adam","1.4142135623730951","false","36.35636901855469","2560.67236328125","0","16.074716567993164","0","9984.62109375","610978","0","6561.7294921875","0","0","0","0","0","0","0","0","0.10000000149011612","2.312974214553833","2.302584171295166","0","0.10000000149011612","2.3129754066467285"
"mup_adam_w9192_lr0.03125_e25_b128_6735","finished","-","","","2024-10-18T13:58:30.000Z","1003","","9192","3072","0.03125","10","25","adam","1.4142135623730951","true","0.626876950263977","0.6942609548568726","3.465747356414795","0.3203895688056946","0.5605989694595337","492.1805725097656","533.5881958007812","84.04058837890625","351.86578369140625","491.5060424804687","0","0.00022928387625142932","0.00012348833843134344","0.007058802060782909","1.5820307731628418","1.55484938621521","2.8154687881469727","0.5543000102043152","1.3014003038406372","0.5123838186264038","0","0.5543000102043152","1.3014001846313477"
"mup_adam_w2048_lr0.03125_e25_b128_3288","finished","-","","","2024-10-18T01:25:39.000Z","184","","2048","3072","0.03125","10","25","adam","1.4142135623730951","true","0.5305746793746948","0.5918794870376587","3.2987523078918457","0.2707364857196808","0.4728369116783142","196.7587127685547","215.30406188964844","81.31842041015625","140.4480438232422","197.2625732421875","0","0.0010181721299886703","0.00047211721539497375","0.006353124976158142","3.2887659072875977","1.3139784336090088","1.1784250736236572","0.5440999865531921","1.3381954431533811","0.5770323276519775","0","0.5440999865531921","1.3381952047348022"
"mup_adam_w4096_lr0.03125_e25_b128_7462","finished","-","","","2024-10-18T08:25:22.000Z","350","","4096","3072","0.03125","10","25","adam","1.4142135623730951","true","0.6259829998016357","0.6807651519775391","3.369874954223633","0.32077741622924805","0.5370302200317383","327.8995056152344","350.009765625","82.25857543945312","234.65985107421875","318.96966552734375","0","0.0004571175668388605","0.0002594002871774137","0.0065553816966712475","2.090089797973633","1.451872944831848","1.752857327461243","0.5527999997138977","1.3179391622543335","0.5427309274673462","0","0.5527999997138977","1.3179389238357544"
"std_adam_w512_lr0.03125_e25_b128_5495","finished","-","","","2024-10-18T06:11:01.000Z","134","","512","3072","0.03125","10","25","adam","1.4142135623730951","false","42.09236145019531","1285.64794921875","0","15.230916976928713","0","8136.474609375","256489.171875","0","4938.5595703125","0","0","0","0","0","0","0","0","0.10000000149011612","2.3025832176208496","2.302584171295166","0","0.10000000149011612","2.302584409713745"
"std_adam_w2048_lr0.03125_e25_b128_9128","finished","-","","","2024-10-18T01:22:04.000Z","162","","2048","3072","0.03125","10","25","adam","1.4142135623730951","false","26.156824111938477","2838.876953125","0","8.734102249145508","0","10020.736328125","1116393.25","0","5567.005859375","0","0","0","0","0","0","0","0","0.10000000149011612","2.303361415863037","2.302584171295166","0","0.10000000149011612","2.3033626079559326"
"std_adam_w9192_lr0.03125_e25_b128_7024","finished","-","","","2024-10-18T13:44:58.000Z","768","","9192","3072","0.03125","10","25","adam","1.4142135623730951","false","27.88532829284668","17873.015625","0","12.734281539916992","0","23142.4921875","13118086","0","15397.896484375","0","0","0","0","0","0","0","0","0.10010000318288804","2.3025808334350586","2.302584171295166","0","0.10010000318288804","2.302581787109375"
"std_adam_w4096_lr0.03125_e25_b128_8122","finished","-","","","2024-10-18T08:19:52.000Z","277","","4096","3072","0.03125","10","25","adam","1.4142135623730951","false","29.26378631591797","6933.25244140625","0","10.88575839996338","0","15471.94921875","3663697","0","9267.2421875","0","0","0","0","0","0","0","0","0.10000000149011612","2.3025832176208496","2.302584171295166","0","0.10000000149011612","2.302584409713745"
"mup_adam_w1024_lr0.03125_e25_b128_5084","finished","-","","","2024-10-18T00:11:35.000Z","141","","1024","3072","0.03125","10","25","adam","1.4142135623730951","true","0.409088671207428","0.4714433550834656","3.2340614795684814","0.20778079330921173","0.37732377648353577","107.4926300048828","121.2954559326172","80.31563568115234","76.48607635498047","111.1184539794922","0","0.002370208967477083","0.0008228572551161051","0.005791872274130583","5.424695014953613","1.145896077156067","0.7464978098869324","0.539900004863739","1.35981547832489","0.6333389282226562","0","0.539900004863739","1.359815001487732"
"mup_adam_w4096_lr0.01563_e25_b128_6524","finished","-","","","2024-10-18T08:12:31.000Z","360","","4096","3072","0.01563","10","25","adam","1.4142135623730951","true","0.6197941303253174","0.7056427001953125","2.4397497177124023","0.31835949420928955","0.5728294849395752","324.32098388671875","362.9187622070313","61.01518249511719","232.95179748535156","335.5451354980469","0","0.0003240383230149746","0.00018232580623589456","0.007343305740505457","1.486638426780701","1.019999384880066","1.955204486846924","0.5340999960899353","1.3250027894973757","0.8659690618515015","0","0.5340999960899353","1.3250027894973757"
"std_adam_w2048_lr0.01563_e25_b128_2920","finished","-","","","2024-10-18T01:14:36.000Z","180","","2048","3072","0.01563","10","25","adam","1.4142135623730951","false","38.10249328613281","1767.92529296875","2.0558013916015625","10.158441543579102","0.013324522413313389","14891.8359375","1009657.875","130.27774047851562","7482.43505859375","433.5273132324219","0","0.000006791813120798906","0.0000010423817684568348","0.0003551471745595336","0.04692798852920532","0.6204920411109924","2.324089288711548","0.22419999539852145","2.1565184593200684","1.8819085359573364","0","0.22419999539852145","2.1565184593200684"
"mup_adam_w1024_lr0.01563_e25_b128_9461","finished","-","","","2024-10-18T00:06:17.000Z","141","","1024","3072","0.01563","10","25","adam","1.4142135623730951","true","0.406799852848053","0.49724528193473816","2.4183969497680664","0.209415465593338","0.4189496338367462","106.90786743164062","127.07926177978516","61.080535888671875","76.95742797851562","119.42227935791016","0","0.0014525586739182472","0.0005110970232635736","0.00526614673435688","3.3142499923706055","0.7128115296363831","0.6785088181495667","0.5235999822616577","1.3517731428146362","0.9325207471847534","0","0.5235999822616577","1.3517731428146362"
"std_adam_w1024_lr0.01563_e25_b128_3829","finished","-","","","2024-10-18T00:03:41.000Z","133","","1024","3072","0.01563","10","25","adam","1.4142135623730951","false","58.33868408203125","1491.9013671875","1.2631258964538574","15.65761947631836","0.022484581917524334","15758.376953125","610262.375","64.62109375","7902.17138671875","290.8627624511719","0","0.00000807140713732224","0.0000030105466066743247","0.0004952993476763368","0.050556525588035583","0.3159211575984955","1.6620733737945557","0.2320999950170517","2.1437036991119385","1.9356508255004885","0","0.2320999950170517","2.143704414367676"
"mup_adam_w512_lr0.01563_e25_b128_1942","finished","-","","","2024-10-18T06:07:51.000Z","140","","512","3072","0.01563","10","25","adam","1.4142135623730951","true","0.3174460232257843","0.4028851985931397","2.337063789367676","0.1641550213098526","0.34548115730285645","59.14133834838867","72.86570739746094","59.678741455078125","42.58720016479492","69.20663452148438","0","0.00322798453271389","0.0009005343308672309","0.0047513702884316444","5.203847885131836","0.626006007194519","0.4323408603668213","0.5224999785423279","1.3553671836853027","0.9791532754898072","0","0.5224999785423279","1.355366826057434"
"mup_adam_w2048_lr0.01563_e25_b128_2273","finished","-","","","2024-10-18T01:18:18.000Z","186","","2048","3072","0.01563","10","25","adam","1.4142135623730951","true","0.5218074321746826","0.6074436902999878","2.3935387134552","0.26747381687164307","0.5056304931640625","193.34182739257812","220.2087860107422","60.129512786865234","138.48812866210938","206.166259765625","0","0.0006602163193747401","0.00030383840203285217","0.00612163869664073","2.1422817707061768","0.8503186106681824","1.1304895877838137","0.5329999923706055","1.3308310508728027","0.8723167181015015","0","0.5329999923706055","1.3308308124542236"
"std_adam_w4096_lr0.01563_e25_b128_5179","finished","-","","","2024-10-18T08:07:01.000Z","274","","4096","3072","0.01563","10","25","adam","1.4142135623730951","false","14.50727081298828","1865.931884765625","0","5.580265998840332","0","7768.708984375","934893.75","0","4714.70751953125","0","0","0","0","0","0","0","0","0.10000000149011612","2.3025832176208496","2.302584171295166","0","0.10000000149011612","2.302584409713745"
"std_adam_w9192_lr0.01563_e25_b128_3988","finished","-","","","2024-10-18T13:13:12.000Z","788","","9192","3072","0.01563","10","25","adam","1.4142135623730951","false","16.81930923461914","4397.591796875","0","6.087305068969727","0","13440.4716796875","3619616.75","0","8076.7470703125","0","0","0","0","0","0","0","0","0.10050000250339508","2.302449941635132","2.302584171295166","0","0.10050000250339508","2.3024511337280273"
"mup_adam_w9192_lr0.01563_e25_b128_9558","finished","-","","","2024-10-18T13:27:13.000Z","1009","","9192","3072","0.01563","10","25","adam","1.4142135623730951","true","0.6206303238868713","0.713884711265564","2.4608700275421143","0.3178686499595642","0.5877765417098999","486.48590087890625","548.2225341796875","61.321250915527344","348.759033203125","510.1326904296875","0","0.00014712415577378124","0.00008157185220625252","0.007299789693206549","1.007313847541809","1.020247459411621","2.8666093349456787","0.5404000282287598","1.311287522315979","0.8352830410003662","0","0.5404000282287598","1.3112876415252686"
"std_adam_w512_lr0.01563_e25_b128_1341","finished","-","","","2024-10-18T06:05:04.000Z","137","","512","3072","0.01563","10","25","adam","1.4142135623730951","false","87.53596496582031","870.2674560546875","2.3145289421081543","17.191076278686523","0.10511934757232666","15789.2607421875","250522.90625","86.98108673095703","6284.8349609375","484.2058715820313","0","0.000020645999029511582","0.000026423786039231345","0.003286219434812665","0.06617087870836258","0.633407711982727","4.128442287445068","0.3037000000476837","2.061803102493286","1.6091368198394775","0","0.3037000000476837","2.061802864074707"
"mup_adam_w512_lr0.007813_e25_b128_2048","finished","-","","","2024-10-18T06:01:49.000Z","142","","512","3072","0.007813","10","25","adam","1.4142135623730951","true","0.3157522678375244","0.4143199622631073","1.8445396423339844","0.1671835631132126","0.35511478781700134","58.74723052978515","75.34371185302734","47.642799377441406","42.99104309082031","71.66349792480469","0","0.002291311277076602","0.0006392875220626593","0.005566008388996124","3.676413059234619","0.446420282125473","0.5122703909873962","0.49869999289512634","1.4244019985198977","1.125574827194214","0","0.49869999289512634","1.424401879310608"
"std_adam_w1024_lr0.007813_e25_b128_3149","finished","-","","","2024-10-17T23:58:15.000Z","137","","1024","3072","0.007813","10","25","adam","1.4142135623730951","false","31.84670639038086","365.6014404296875","3.965265989303589","6.774764060974121","0.15711981058120728","8451.103515625","115376.84375","122.7240982055664","3548.144287109375","1021.833740234375","0","0.00005385742406360805","0.00006230066355783492","0.00385100650601089","0.16081593930721283","1.2247698307037354","7.904332160949707","0.4278999865055084","1.9263594150543213","0.9739283323287964","0","0.4278999865055084","1.926360011100769"
"std_adam_w512_lr0.007813_e25_b128_3335","finished","-","","","2024-10-18T05:58:42.000Z","136","","512","3072","0.007813","10","25","adam","1.4142135623730951","false","40.26031875610352","288.7326354980469","4.2704668045043945","8.750643730163574","0.28573304414749146","7304.53564453125","66425.375","125.6531219482422","3057.302490234375","894.2735595703125","0","0.00006381256389431655","0.0001148684386862442","0.004887595307081938","0.13137628138065338","0.723301887512207","5.071125030517578","0.4790000021457672","1.834400415420532","0.9187365770339966","0","0.4790000021457672","1.8344001770019531"
"std_adam_w2048_lr0.007813_e25_b128_7838","finished","-","","","2024-10-18T01:07:14.000Z","173","","2048","3072","0.007813","10","25","adam","1.4142135623730951","false","26.86251449584961","518.0953369140625","3.3209967613220215","5.298592567443848","0.068144291639328","10440.7890625","246997.96875","112.73306274414062","4262.4873046875","1026.2186279296875","0","0.000028685168217634786","0.000010687332178349608","0.0016295540845021603","0.16022087633609772","0.7116039395332336","6.013263702392578","0.43959999084472656","2.0005178451538086","1.163241624832153","0","0.43959999084472656","2.0005176067352295"
"std_adam_w4096_lr0.007813_e25_b128_2280","finished","-","","","2024-10-18T07:54:14.000Z","314","","4096","3072","0.007813","10","25","adam","1.4142135623730951","false","22.220605850219727","765.069091796875","4.124538421630859","4.273876667022705","0.03549126163125038","12510.8203125","585801.5625","139.6920166015625","5110.6357421875","1115.43896484375","0","0.000013351701454666909","0.000003468644308668445","0.0010134949116036296","0.10746368020772934","0.9328263401985168","13.919892311096191","0.39980000257492065","1.937546730041504","1.328718185424805","0","0.39980000257492065","1.9375468492507937"
"mup_adam_w1024_lr0.007813_e25_b128_5101","finished","-","","","2024-10-18T00:00:57.000Z","141","","1024","3072","0.007813","10","25","adam","1.4142135623730951","true","0.40018731355667114","0.497986912727356","1.911998271942139","0.20872309803962708","0.4226986765861511","104.73646545410156","127.6922607421875","49.09456634521485","75.98399353027344","120.82138061523438","0","0.0010021080961450934","0.0003778474638238549","0.006403065752238035","2.296966552734375","0.5270696878433228","0.835477888584137","0.5055000185966492","1.412015438079834","1.125748872756958","0","0.5055000185966492","1.412015438079834"
"std_adam_w9192_lr0.007813_e25_b128_6668","finished","-","","","2024-10-18T12:38:07.000Z","957","","9192","3072","0.007813","10","25","adam","1.4142135623730951","false","13.12451457977295","1019.6207885742188","4.673316955566406","2.603943347930908","0.018636923283338547","11239.830078125","1236183.875","201.17855834960935","4757.76318359375","1630.8109130859375","0","0.000009617891009838786","3.697686281611823e-7","0.0004296634579077363","0.10422677546739578","0.3823007047176361","8.89620304107666","0.375","1.9744056463241575","1.5296542644500732","0","0.375","1.9744056463241575"
"mup_adam_w4096_lr0.007813_e25_b128_1650","finished","-","","","2024-10-18T08:00:20.000Z","349","","4096","3072","0.007813","10","25","adam","1.4142135623730951","true","0.6199181079864502","0.7167741060256958","1.8860130310058592","0.3198760151863098","0.5878373980522156","323.68585205078125","368.1041259765625","48.17683410644531","233.1368408203125","342.3675842285156","0","0.0002120740682585165","0.00013176086940802634","0.00882348045706749","0.9669977426528932","0.7361618280410767","2.3474626541137695","0.5138000249862671","1.394298791885376","1.0510107278823853","0","0.5138000249862671","1.3942991495132446"
"mup_adam_w9192_lr0.007813_e25_b128_8458","finished","-","","","2024-10-18T12:54:57.000Z","1042","","9192","3072","0.007813","10","25","adam","1.4142135623730951","true","0.618173360824585","0.7187758684158325","1.907433032989502","0.31833213567733765","0.5912352204322815","484.4021606445313","552.8026123046875","48.73676300048828","348.59332275390625","514.523681640625","0","0.00009676679474068806","0.000058949321100953966","0.008747869171202183","0.6620590686798096","0.7390583157539368","3.4637961387634277","0.5156999826431274","1.3892062902450562","1.067721962928772","0","0.5156999826431274","1.3892064094543457"
"mup_adam_w2048_lr0.007813_e25_b128_6604","finished","-","","","2024-10-18T01:10:37.000Z","188","","2048","3072","0.007813","10","25","adam","1.4142135623730951","true","0.5257605314254761","0.6254280805587769","1.862976551055908","0.2719230651855469","0.5158823728561401","194.55810546875","227.6190185546875","47.764198303222656","140.65731811523438","212.06976318359375","0","0.0004523688403423875","0.0002327857218915597","0.007920932956039906","1.4573414325714111","0.6500842571258545","1.4698492288589478","0.5060999989509583","1.407890796661377","1.1086382865905762","0","0.5060999989509583","1.407891035079956"
"std_adam_w9192_lr0.003906_e25_b128_7060","finished","-","","","2024-10-18T12:04:30.000Z","887","","9192","3072","0.003906","10","25","adam","1.4142135623730951","false","11.686493873596191","464.19970703125","4.001256942749023","2.3393235206604004","0.02998906932771206","9812.408203125","487931","124.635498046875","4083.42919921875","1638.451904296875","0","0.000014139027371129488","9.60593524723663e-7","0.00036385032581165433","0.15308426320552826","0.5374360084533691","6.277902126312256","0.4975999891757965","1.9398869276046753","0.7313632965087891","0","0.4975999891757965","1.939887285232544"
"mup_adam_w2048_lr0.003906_e25_b128_7874","finished","-","","","2024-10-18T01:03:14.000Z","187","","2048","3072","0.003906","10","25","adam","1.4142135623730951","true","0.5248425006866455","0.6148620843887329","1.5497655868530271","0.2712550163269043","0.500340461730957","193.98846435546875","224.74562072753903","39.47465515136719","140.0818634033203","208.48562622070312","0","0.0003236986231058836","0.00017674245464149865","0.008811989799141884","1.0467499494552612","0.4944670796394348","1.651598334312439","0.478300005197525","1.4947609901428225","1.246126651763916","0","0.478300005197525","1.4947609901428225"
"std_adam_w2048_lr0.003906_e25_b128_3485","finished","-","","","2024-10-18T00:59:59.000Z","172","","2048","3072","0.003906","10","25","adam","1.4142135623730951","false","23.596355438232425","290.280029296875","4.215367794036865","4.841609001159668","0.1021937131881714","8552.484375","149823.625","127.44200134277344","3453.724609375","951.6840209960938","0","0.00004491713480092585","0.000019975608665845357","0.0017233703983947637","0.20317554473876953","0.8281448483467102","5.672919750213623","0.4785000085830689","2.1622581481933594","0.7240127325057983","0","0.4785000085830689","2.1622579097747803"
"mup_adam_w9192_lr0.003906_e25_b128_8614","finished","-","","","2024-10-18T12:19:54.000Z","1041","","9192","3072","0.003906","10","25","adam","1.4142135623730951","true","0.6168003082275391","0.7047311067581177","1.566257357597351","0.3177294135093689","0.5651372671127319","482.5031127929687","544.4637451171875","40.07410430908203","347.3368225097656","501.1795043945313","0","0.00006672489689663053","0.00004307078052079305","0.009637384675443172","0.4581929743289947","0.5407793521881104","3.83803129196167","0.48820000886917114","1.4805976152420044","1.245507001876831","0","0.48820000886917114","1.4805978536605835"
"mup_adam_w4096_lr0.003906_e25_b128_3388","finished","-","","","2024-10-18T07:47:28.000Z","353","","4096","3072","0.003906","10","25","adam","1.4142135623730951","true","0.6181908845901489","0.7057809829711914","1.5551767349243164","0.31736719608306885","0.5652371644973755","322.8154296875","364.4674682617187","39.781883239746094","232.0346221923828","335.2288818359375","0","0.00014957136590965092","0.0000969131797319278","0.009889241307973862","0.6852085590362549","0.5428656339645386","2.6276092529296875","0.4817000031471253","1.488168239593506","1.2483400106430054","0","0.4817000031471253","1.4881677627563477"
"std_adam_w1024_lr0.003906_e25_b128_1741","finished","-","","","2024-10-17T23:52:54.000Z","133","","1024","3072","0.003906","10","25","adam","1.4142135623730951","false","25.063316345214844","216.26626586914065","5.554365158081055","5.60399866104126","0.20665307343006137","6386.4658203125","73486.6484375","160.82473754882812","2700.56982421875","858.47509765625","0","0.0000766770972404629","0.00006274932093219832","0.0034183270763605833","0.21141596138477323","0.7371549010276794","4.185641288757324","0.5024999976158142","2.3664493560791016","0.5782706141471863","0","0.5024999976158142","2.3664495944976807"
"mup_adam_w1024_lr0.003906_e25_b128_2049","finished","-","","","2024-10-17T23:55:30.000Z","142","","1024","3072","0.003906","10","25","adam","1.4142135623730951","true","0.39484554529190063","0.4889632761478424","1.5275020599365234","0.20571580529212952","0.4049612283706665","103.33734130859376","125.77489471435548","39.32927322387695","74.82928466796875","117.51797485351562","0","0.0007461394998244941","0.00029015488689765334","0.007154123391956091","1.6921336650848389","0.40821459889411926","0.9508679509162904","0.474700003862381","1.50074565410614","1.2891802787780762","0","0.474700003862381","1.500745415687561"
"mup_adam_w512_lr0.003906_e25_b128_3476","finished","-","","","2024-10-18T05:55:52.000Z","141","","512","3072","0.003906","10","25","adam","1.4142135623730951","true","0.31858956813812256","0.40692293643951416","1.531506061553955","0.16525644063949585","0.3383842706680298","58.86528015136719","74.75152587890625","39.34679412841797","42.72517013549805","69.93870544433594","0","0.001591571606695652","0.0004834493447560817","0.0058834366500377655","2.5709457397460938","0.3368639349937439","0.5490322709083557","0.46389999985694885","1.5112842321395874","1.2966067790985107","0","0.46389999985694885","1.5112836360931396"
"std_adam_w4096_lr0.003906_e25_b128_2296","finished","-","","","2024-10-18T07:41:23.000Z","311","","4096","3072","0.003906","10","25","adam","1.4142135623730951","false","19.496246337890625","378.1894226074219","4.460675239562988","3.87047815322876","0.06294829398393631","10236.28125","279474.0625","133.3875732421875","4090.14697265625","1223.35009765625","0","0.00002439664058329072","0.000005479535957420012","0.0011742282658815384","0.20283181965351105","0.734879732131958","8.338638305664062","0.4903999865055084","2.131107807159424","0.8055108785629272","0","0.4903999865055084","2.131108283996582"
"std_adam_w512_lr0.003906_e25_b128_1058","finished","-","","","2024-10-18T05:52:56.000Z","138","","512","3072","0.003906","10","25","adam","1.4142135623730951","false","23.21377944946289","155.649169921875","5.784762382507324","5.704869747161865","0.3882565498352051","4214.1552734375","34686.5","159.09320068359375","1898.60888671875","663.2447509765625","0","0.00013361708261072636","0.0002394254261162132","0.0056607103906571865","0.23442557454109192","0.8397214412689209","3.429086208343506","0.5134999752044678","2.1922545433044434","0.5117466449737549","0","0.5134999752044678","2.1922547817230225"
"mup_adam_w512_lr0.001953_e25_b128_3985","finished","-","","","2024-10-18T05:49:45.000Z","141","","512","3072","0.001953","10","25","adam","1.4142135623730951","true","0.31087547540664673","0.3889663219451904","1.3043652772903442","0.16338053345680237","0.3106185495853424","57.72875213623047","71.81974792480469","33.518733978271484","42.163326263427734","66.06889343261719","0","0.0011856488417834044","0.00037299690302461386","0.005842149257659912","1.9415013790130615","0.2648822069168091","0.5411859750747681","0.4338000118732453","1.613754153251648","1.4298110008239746","0","0.4338000118732453","1.613754153251648"
"mup_adam_w1024_lr0.001953_e25_b128_9572","finished","-","","","2024-10-17T23:50:10.000Z","141","","1024","3072","0.001953","10","25","adam","1.4142135623730951","true","0.3957167565822602","0.4737120270729065","1.2639299631118774","0.20627641677856445","0.3678772449493408","103.60746002197266","123.00949096679688","32.387550354003906","75.19422149658203","111.57705688476562","0","0.0005266866646707058","0.00021451138309203088","0.006614500191062689","1.2133761644363403","0.3040217161178589","0.8851748108863831","0.44040000438690186","1.6075401306152344","1.428492307662964","0","0.44040000438690186","1.607540488243103"
"std_adam_w1024_lr0.001953_e25_b128_9197","finished","-","","","2024-10-17T23:47:28.000Z","139","","1024","3072","0.001953","10","25","adam","1.4142135623730951","false","13.061914443969728","109.0198211669922","8.982425689697266","3.3549046516418457","0.32140254974365234","3350.04638671875","34004.75390625","242.7685546875","1554.2376708984375","710.0745849609375","0","0.00015397569222841412","0.00018543563783168793","0.0041450010612607","0.36891046166419983","1.1255295276641846","3.157245635986328","0.5156999826431274","3.0925450325012207","0.16344907879829407","0","0.5156999826431274","3.0925447940826416"
"mup_adam_w4096_lr0.001953_e25_b128_8874","finished","-","","","2024-10-18T07:34:42.000Z","348","","4096","3072","0.001953","10","25","adam","1.4142135623730951","true","0.6120431423187256","0.6859575510025024","1.3043148517608645","0.3142550587654114","0.5257792472839355","319.6568603515625","355.4654235839844","33.175315856933594","230.0746307373047","319.97021484375","0","0.00010860992915695532","0.0000730858591850847","0.009731917642056942","0.50067538022995","0.4091373383998871","2.5833663940429688","0.454800009727478","1.5812227725982666","1.3939313888549805","0","0.454800009727478","1.581222414970398"
"mup_adam_w9192_lr0.001953_e25_b128_9209","finished","-","","","2024-10-18T11:46:14.000Z","1044","","9192","3072","0.001953","10","25","adam","1.4142135623730951","true","0.6135280728340149","0.6830385327339172","1.310420274734497","0.31452810764312744","0.517357349395752","480.0942687988281","530.9075927734375","33.45035171508789","344.93585205078125","475.1702575683594","0","0.000048135909310076386","0.000032052750611910596","0.009477543644607069","0.33119699358940125","0.40384387969970703","3.7869091033935542","0.4562999904155731","1.580866456031799","1.3898959159851074","0","0.4562999904155731","1.5808659791946411"
"std_adam_w4096_lr0.001953_e25_b128_6459","finished","-","","","2024-10-18T07:28:32.000Z","318","","4096","3072","0.001953","10","25","adam","1.4142135623730951","false","13.827816009521484","174.36572265625","6.281896591186523","2.923346519470215","0.08925209939479828","7004.79296875","134819.75","185.73048400878903","2865.118896484375","1071.359130859375","0","0.00005284799772198312","0.00001347652869299054","0.0014317313907667994","0.32620730996131897","1.009006142616272","5.031328201293945","0.5055999755859375","2.633922576904297","0.3208521902561188","0","0.5055999755859375","2.6339223384857178"
"mup_adam_w2048_lr0.001953_e25_b128_4896","finished","-","","","2024-10-18T00:56:29.000Z","186","","2048","3072","0.001953","10","25","adam","1.4142135623730951","true","0.5119094252586365","0.5870101451873779","1.2933080196380615","0.26353996992111206","0.45913130044937134","189.17230224609375","215.29046630859375","33.13549041748047","136.4097900390625","195.97369384765625","0","0.00023665324260946363","0.00012991273251827806","0.008493264205753803","0.7680879235267639","0.3631800413131714","1.5902563333511353","0.45089998841285706","1.5915604829788208","1.4123821258544922","0","0.45089998841285706","1.5915606021881104"
"std_adam_w9192_lr0.001953_e25_b128_7469","finished","-","","","2024-10-18T11:30:31.000Z","890","","9192","3072","0.001953","10","25","adam","1.4142135623730951","false","12.107691764831545","248.86859130859375","6.385639667510986","2.403371810913086","0.05060247331857681","9273.30859375","298960.59375","181.889404296875","3704.1357421875","1477.03662109375","0","0.000026203961169812828","0.0000025853089482552605","0.0006975748692639172","0.2568056285381317","0.8766909241676331","9.257210731506348","0.5034999847412109","2.512566328048706","0.5521447658538818","0","0.5034999847412109","2.5125675201416016"
"std_adam_w2048_lr0.001953_e25_b128_8786","finished","-","","","2024-10-18T00:53:14.000Z","172","","2048","3072","0.001953","10","25","adam","1.4142135623730951","false","14.332765579223633","138.75291442871094","7.903790473937988","3.2303833961486816","0.17047615349292755","5145.8017578125","70327.515625","220.33221435546875","2189.8056640625","870.1585693359375","0","0.00009532312105875462","0.00004616524893208407","0.002612072741612792","0.4103803038597107","1.074874758720398","3.849217653274536","0.5264000296592712","2.749153852462769","0.2810192108154297","0","0.5264000296592712","2.7491536140441895"
"std_adam_w512_lr0.001953_e25_b128_9982","finished","-","","","2024-10-18T05:46:54.000Z","132","","512","3072","0.001953","10","25","adam","1.4142135623730951","false","11.658641815185549","60.144901275634766","8.560352325439453","3.325949192047119","0.5477725267410278","2134.04541015625","12351.4560546875","235.9950714111328","1062.3133544921875","521.7669677734375","0","0.00033525945036672056","0.0008876238716766238","0.008370271883904934","0.5725586414337158","1.4337196350097656","1.9255008697509768","0.5209000110626221","2.9749906063079834","0.3748651146888733","0","0.5209000110626221","2.974990129470825"
"std_adam_w2048_lr0.0009766_e25_b128_7628","finished","-","","","2024-10-18T00:46:39.000Z","168","","2048","3072","0.0009766","10","25","adam","1.4142135623730951","false","6.6670451164245605","53.460636138916016","11.266229629516602","1.7633345127105713","0.30318763852119446","2424.2568359375","23732.328125","302.3874816894531","1149.8818359375","803.6555786132812","0","0.00011841778177767992","0.000096089715952985","0.0027878698892891407","0.4093354642391205","1.007470726966858","2.343350648880005","0.5430999994277954","3.355443000793457","0.11413987725973128","0","0.5430999994277954","3.355442523956299"
"mup_adam_w4096_lr0.0009766_e25_b128_6341","finished","-","","","2024-10-18T07:21:48.000Z","349","","4096","3072","0.0009766","10","25","adam","1.4142135623730951","true","0.5991469025611877","0.6481026411056519","1.0501341819763184","0.30541494488716125","0.4616813063621521","312.97576904296875","337.26849365234375","26.924739837646484","223.99090576171875","292.87396240234375","0","0.00007933509186841547","0.00005490486364578828","0.008901908062398434","0.3657386600971222","0.30988141894340515","2.3956902027130127","0.41440001130104065","1.695069670677185","1.5290818214416504","0","0.41440001130104065","1.695069670677185"
"std_adam_w4096_lr0.0009766_e25_b128_1298","finished","-","","","2024-10-18T07:15:37.000Z","316","","4096","3072","0.0009766","10","25","adam","1.4142135623730951","false","7.098232746124268","71.21192169189453","10.54465675354004","1.6871538162231443","0.16314485669136047","3623.297119140625","51329.63671875","284.37939453125","1601.4132080078125","1046.6392822265625","0","0.00006144997314549983","0.000021291452867444605","0.0014079349348321557","0.31857627630233765","0.8450241088867188","3.151816129684448","0.546500027179718","3.3894152641296387","0.20048342645168304","0","0.546500027179718","3.3894147872924805"
"std_adam_w1024_lr0.0009766_e25_b128_5107","finished","-","","","2024-10-17T23:41:41.000Z","132","","1024","3072","0.0009766","10","25","adam","1.4142135623730951","false","6.361606121063232","31.880332946777344","11.07874870300293","1.8492412567138672","0.5114349722862244","1652.4869384765625","9345.462890625","296.7314453125","834.1993408203125","578.9869384765625","0","0.000183260694029741","0.0002699819451663643","0.0037314817309379578","0.45902177691459656","0.9221394062042236","1.2708734273910522","0.5397999882698059","3.382582426071167","0.08757883310317993","0","0.5397999882698059","3.382581949234009"
"mup_adam_w9192_lr0.0009766_e25_b128_9070","finished","-","","","2024-10-18T11:12:59.000Z","1005","","9192","3072","0.0009766","10","25","adam","1.4142135623730951","true","0.6013621091842651","0.6487568616867065","1.0610458850860596","0.30676335096359253","0.46052104234695435","470.5621337890625","506.6664123535156","27.15545654296875","336.81707763671875","439.1703186035156","0","0.00003490142262307927","0.000024354665583814494","0.008996379561722279","0.24075017869472504","0.30746734142303467","3.6193184852600098","0.4154999852180481","1.692002534866333","1.5276316404342651","0","0.4154999852180481","1.692002296447754"
"mup_adam_w2048_lr0.0009766_e25_b128_7408","finished","-","","","2024-10-18T00:49:50.000Z","181","","2048","3072","0.0009766","10","25","adam","1.4142135623730951","true","0.5031328201293945","0.56003737449646","1.0556858777999878","0.2565692663192749","0.4091627597808838","185.75973510742188","206.39715576171875","26.99236297607422","133.07052612304688","181.87445068359375","0","0.0001711159129627049","0.00009917057468555868","0.007950851693749428","0.555352509021759","0.2780718505382538","1.5076634883880615","0.40619999170303345","1.7022897005081177","1.5516716241836548","0","0.40619999170303345","1.7022898197174072"
"mup_adam_w512_lr0.0009766_e25_b128_1945","finished","-","","","2024-10-18T05:44:03.000Z","142","","512","3072","0.0009766","10","25","adam","1.4142135623730951","true","0.2966799736022949","0.3506011366844177","1.0231086015701294","0.15469183027744293","0.2670412063598633","54.91326522827149","65.14016723632812","26.28417205810547","39.987060546875","58.83258438110352","0","0.0009075774578377604","0.00027507395134307444","0.004972992930561304","1.4744354486465454","0.19180478155612943","0.46919599175453186","0.3962999880313874","1.726792812347412","1.5931715965270996","0","0.3962999880313874","1.7267931699752808"
"std_adam_w512_lr0.0009766_e25_b128_2659","finished","-","","","2024-10-18T05:40:58.000Z","137","","512","3072","0.0009766","10","25","adam","1.4142135623730951","false","6.042159080505371","15.829999923706056","9.674240112304688","2.0044848918914795","0.7785371541976929","1118.2177734375","3195.55224609375","252.8838653564453","609.7510986328125","400.3976745605469","0","0.0004554708721116185","0.0013729603961110115","0.008385717868804932","0.7656611800193787","1.4307032823562622","1.2076435089111328","0.5453000068664551","3.01098895072937","0.18178918957710263","0","0.5453000068664551","3.010988473892212"
"std_adam_w9192_lr0.0009766_e25_b128_8016","finished","-","","","2024-10-18T10:57:22.000Z","883","","9192","3072","0.0009766","10","25","adam","1.4142135623730951","false","7.218326568603516","99.93218994140624","8.31797981262207","1.573195457458496","0.07002479583024979","5479.921875","119980.5390625","225.60885620117188","2294.5","1228.38525390625","0","0.00003742794069694355","0.000004753228495246731","0.0009220726205967368","0.3278504014015198","0.8270464539527893","5.73397970199585","0.5336999893188477","3.0904698371887207","0.24344688653945923","0","0.5336999893188477","3.0904698371887207"
"mup_adam_w1024_lr0.0009766_e25_b128_4010","finished","-","","","2024-10-17T23:44:46.000Z","139","","1024","3072","0.0009766","10","25","adam","1.4142135623730951","true","0.3801734149456024","0.4361392855644226","1.033419132232666","0.19927020370960236","0.31526413559913635","99.2627944946289","113.82508850097656","26.48237991333008","72.24700927734375","100.04470825195312","0","0.0003830054774880409","0.0001633140491321683","0.006184459663927555","0.8816412091255188","0.2302597463130951","0.8279494047164917","0.39910000562667847","1.7182857990264893","1.5702358484268188","0","0.39910000562667847","1.718285322189331"
"std_adam_w512_lr0.0004883_e25_b128_7422","finished","-","","","2024-10-18T05:35:02.000Z","137","","512","3072","0.0004883","10","25","adam","1.4142135623730951","false","3.307793140411377","3.914148807525635","7.857485771179199","1.279050350189209","1.005925536155701","618.3118896484375","797.63623046875","198.52804565429688","372.12200927734375","306.38006591796875","0","0.0004746416525449604","0.0011098162503913045","0.006388404406607151","0.8484046459197998","0.8854960799217224","0.7195460796356201","0.5512999892234802","2.446880340576172","0.09478329122066498","0","0.5512999892234802","2.4468798637390137"
"std_adam_w1024_lr0.0004883_e25_b128_2101","finished","-","","","2024-10-17T23:36:25.000Z","132","","1024","3072","0.0004883","10","25","adam","1.4142135623730951","false","3.278226852416992","7.489058494567871","9.086670875549316","1.1024997234344482","0.658233642578125","860.82958984375","2204.43701171875","235.41000366210935","474.7305603027344","404.3417663574219","0","0.00022680487018078568","0.00042805750854313374","0.004691709764301777","0.552206814289093","0.8395509123802185","0.863211989402771","0.54830002784729","2.913365125656128","0.12610003352165222","0","0.54830002784729","2.9133658409118652"
"mup_adam_w4096_lr0.0004883_e25_b128_2580","finished","-","","","2024-10-18T07:08:56.000Z","347","","4096","3072","0.0004883","10","25","adam","1.4142135623730951","true","0.587587833404541","0.6168203353881836","0.7764584422111511","0.2971096932888031","0.39584675431251526","306.6308288574219","321.4016418457031","19.924152374267575","218.35968017578125","264.3652648925781","0","0.00005454217898659408","0.00003981201371061616","0.008007295429706573","0.2516690492630005","0.2250622808933258","2.2047994136810303","0.3709000051021576","1.8238788843154907","1.71699857711792","0","0.3709000051021576","1.8238788843154907"
"mup_adam_w2048_lr0.0004883_e25_b128_6285","finished","-","","","2024-10-18T00:43:15.000Z","182","","2048","3072","0.0004883","10","25","adam","1.4142135623730951","true","0.4926093518733978","0.5170755386352539","0.763900876045227","0.25016337633132935","0.3384300470352173","181.97650146484375","190.98521423339844","19.498226165771484","129.940185546875","159.21571350097656","0","0.0001162502885563299","0.00007018842734396458","0.00684761255979538","0.3787713348865509","0.1976703554391861","1.3323601484298706","0.3653999865055084","1.8351120948791504","1.7407104969024658","0","0.3653999865055084","1.8351120948791504"
"std_adam_w9192_lr0.0004883_e25_b128_6229","finished","-","","","2024-10-18T10:24:03.000Z","891","","9192","3072","0.0004883","10","25","adam","1.4142135623730951","false","3.387848377227783","36.057708740234375","11.843780517578123","0.843230128288269","0.13944333791732788","2607.743408203125","39624.140625","309.9091796875","1188.9058837890625","1208.01025390625","0","0.000032470277801621705","0.0000064374876274087","0.0008698051678948104","0.23999355733394623","0.5712804198265076","3.3335371017456055","0.5504000186920166","3.5064210891723633","0.08316884189844131","0","0.5504000186920166","3.5064215660095215"
"std_adam_w2048_lr0.0004883_e25_b128_2810","finished","-","","","2024-10-18T00:39:58.000Z","174","","2048","3072","0.0004883","10","25","adam","1.4142135623730951","false","3.2906718254089355","14.993484497070312","10.460529327392578","0.9717247486114502","0.4473814368247986","1212.396484375","6320.95751953125","273.1353759765625","615.1941528320312","574.4500732421875","0","0.00011698472371790558","0.00011871694005094469","0.002755718771368265","0.4383123815059662","0.6821760535240173","1.088431477546692","0.5583000183105469","3.068674325942993","0.06509985029697418","0","0.5583000183105469","3.0686745643615723"
"mup_adam_w1024_lr0.0004883_e25_b128_5155","finished","-","","","2024-10-17T23:39:00.000Z","139","","1024","3072","0.0004883","10","25","adam","1.4142135623730951","true","0.3654598891735077","0.4014549255371094","0.7298586368560791","0.18574602901935575","0.2658142149448395","95.45378112792967","104.90023803710938","18.84369468688965","68.16618347167969","88.04747009277344","0","0.0002664246130734682","0.00011664161866065116","0.005346029996871948","0.6166492700576782","0.16591337323188782","0.747505247592926","0.352400004863739","1.861019730567932","1.7725982666015625","0","0.352400004863739","1.861019492149353"
"mup_adam_w512_lr0.0004883_e25_b128_8713","finished","-","","","2024-10-18T05:37:50.000Z","138","","512","3072","0.0004883","10","25","adam","1.4142135623730951","true","0.282814621925354","0.3250936269760132","0.7565767765045166","0.14739027619361875","0.21287283301353457","52.284080505371094","60.44391250610352","19.432613372802734","38.16459655761719","50.519142150878906","0","0.000614597462117672","0.00020113305072300136","0.004442835692316294","1.001292109489441","0.14179372787475586","0.4366587698459625","0.34610000252723694","1.8638029098510744","1.7727479934692385","0","0.34610000252723694","1.863802790641785"
"std_adam_w4096_lr0.0004883_e25_b128_7626","finished","-","","","2024-10-18T07:02:50.000Z","312","","4096","3072","0.0004883","10","25","adam","1.4142135623730951","false","3.3656835556030273","27.092103958129883","11.506078720092772","0.9136559963226318","0.27509111166000366","1742.3544921875","16934.17578125","300.0205078125","840.6622314453125","848.4544677734375","0","0.00010293770901625976","0.00004364503183751367","0.0022877592127770185","0.5866063237190247","0.8375728130340576","2.377302408218384","0.5515999794006348","3.358842134475708","0.10569597780704498","0","0.5515999794006348","3.3588414192199707"
"mup_adam_w9192_lr0.0004883_e25_b128_4017","finished","-","","","2024-10-18T10:39:47.000Z","1002","","9192","3072","0.0004883","10","25","adam","1.4142135623730951","true","0.591187596321106","0.6181200742721558","0.7779037952423096","0.2984601855278015","0.39696574211120605","462.1596374511719","482.8328247070313","19.98174285888672","328.983642578125","396.859130859375","0","0.000024283730454044417","0.000017872831449494697","0.00811972375959158","0.16728542745113373","0.2269908636808395","3.354137420654297","0.3698999881744385","1.822645902633667","1.7181411981582642","0","0.3698999881744385","1.822646141052246"
"mup_adam_w4096_lr0.0002441_e25_b128_5174","finished","-","","","2024-10-18T06:56:11.000Z","346","","4096","3072","0.0002441","10","25","adam","1.4142135623730951","true","0.5751347541809082","0.5945643186569214","0.48370224237442017","0.29131001234054565","0.33974242210388184","300.13623046875","310.1859130859375","12.630496978759766","213.962890625","238.8487091064453","0","0.000037424273614306","0.000029653134333784692","0.00762370228767395","0.17283262312412262","0.170676589012146","2.1688809394836426","0.32330000400543213","1.9765245914459229","1.9457013607025144","0","0.32330000400543213","1.976524829864502"
"std_adam_w4096_lr0.0002441_e25_b128_3035","finished","-","","","2024-10-18T06:49:30.000Z","351","","4096","3072","0.0002441","10","25","adam","1.4142135623730951","false","1.667813062667847","6.812175750732422","9.660118103027344","0.5169639587402344","0.3751954436302185","873.241943359375","4134.99462890625","249.67642211914065","457.74700927734375","553.1024169921875","0","0.00017102176207117736","0.00007621313852723688","0.0027572959661483765","0.8960428237915039","0.7611244916915894","1.4358093738555908","0.5580000281333923","2.9148006439208984","0.07362136244773865","0","0.5580000281333923","2.9148008823394775"
"mup_adam_w512_lr0.0002441_e25_b128_1625","finished","-","","","2024-10-18T05:31:52.000Z","140","","512","3072","0.0002441","10","25","adam","1.4142135623730951","true","0.2604530453681946","0.281875342130661","0.4169343709945678","0.13289561867713928","0.16702702641487122","47.98235702514648","52.41197204589844","10.9589204788208","34.43340301513672","41.68385314941406","0","0.00038725309423170984","0.00013585279521066695","0.004094138275831938","0.6318661570549011","0.09882882237434389","0.4065580368041992","0.29760000109672546","2.029576063156128","2.0039472579956055","0","0.29760000109672546","2.029576063156128"
"mup_adam_w1024_lr0.0002441_e25_b128_6283","finished","-","","","2024-10-17T23:33:43.000Z","139","","1024","3072","0.0002441","10","25","adam","1.4142135623730951","true","0.34961745142936707","0.3696959316730499","0.4237130880355835","0.17750588059425354","0.21838994324207303","91.33314514160156","96.81016540527344","11.10128402709961","65.39328002929688","76.10846710205078","0","0.00017490242316853255","0.00008253027772298083","0.005144407972693443","0.405373215675354","0.1196746900677681","0.7209315299987793","0.30379998683929443","2.0204145908355713","1.9971675872802737","0","0.30379998683929443","2.0204148292541504"
"std_adam_w9192_lr0.0002441_e25_b128_6821","finished","-","","","2024-10-18T09:51:06.000Z","875","","9192","3072","0.0002441","10","25","adam","1.4142135623730951","false","1.6413321495056152","12.818238258361816","11.026485443115234","0.4591594636440277","0.2191779613494873","1278.4346923828125","12365.302734375","284.0103759765625","627.529052734375","869.0115356445312","0","0.0000559474210604094","0.000012052356396452524","0.0012180216144770384","0.44225895404815674","0.48465636372566223","1.6138200759887695","0.5641000270843506","3.0295612812042236","0.030582111328840256","0","0.5641000270843506","3.029561996459961"
"std_adam_w2048_lr0.0002441_e25_b128_7627","finished","-","","","2024-10-18T00:33:13.000Z","173","","2048","3072","0.0002441","10","25","adam","1.4142135623730951","false","1.715261459350586","3.3709516525268555","8.692859649658203","0.5959573984146118","0.5688118934631348","640.721923828125","1429.789794921875","218.13218688964844","359.70281982421875","393.0138854980469","0","0.00014242177712731063","0.0001221514103235677","0.0019115820759907365","0.4905543327331543","0.45466500520706177","0.48896703124046326","0.5605000257492065","2.6113784313201904","0.09391283243894576","0","0.5605000257492065","2.6113786697387695"
"std_adam_w1024_lr0.0002441_e25_b128_6527","finished","-","","","2024-10-17T23:31:03.000Z","138","","1024","3072","0.0002441","10","25","adam","1.4142135623730951","false","1.7889482975006104","1.9841258525848389","7.069146156311035","0.7083351016044617","0.8233669996261597","475.9012451171875","562.0777587890625","178.92904663085938","289.7454833984375","300.4877014160156","0","0.0005093537620268762","0.0005540362326428294","0.0049495212733745575","1.1939657926559448","0.8284731507301331","0.6930848956108093","0.560699999332428","2.2938530445098877","0.12156634032726288","0","0.560699999332428","2.2938528060913086"
"std_adam_w512_lr0.0002441_e25_b128_2539","finished","-","","","2024-10-18T05:28:46.000Z","134","","512","3072","0.0002441","10","25","adam","1.4142135623730951","false","1.917816162109375","1.5835283994674685","5.30467414855957","0.8363335132598877","1.0009764432907104","361.53509521484375","295.644775390625","133.36575317382812","234.4905548095703","224.792236328125","0","0.0009955805726349354","0.0016565562691539526","0.009959707967936993","1.6225719451904297","1.146405816078186","0.9358110427856444","0.5410000085830688","1.853275179862976","0.2198813408613205","0","0.5410000085830688","1.8532754182815552"
"mup_adam_w9192_lr0.0002441_e25_b128_5889","finished","-","","","2024-10-18T10:06:37.000Z","1000","","9192","3072","0.0002441","10","25","adam","1.4142135623730951","true","0.5759553909301758","0.5909675359725952","0.4899645745754242","0.28967756032943726","0.33819854259490967","450.5055541992187","463.467041015625","12.765714645385742","319.9268798828125","356.8228759765625","0","0.0000168756832863437","0.000013251342352305072","0.007569669745862484","0.11677206307649612","0.17088913917541504","3.1985762119293213","0.32589998841285706","1.973765015602112","1.9350244998931885","0","0.32589998841285706","1.973765015602112"
"mup_adam_w2048_lr0.0002441_e25_b128_1208","finished","-","","","2024-10-18T00:36:30.000Z","185","","2048","3072","0.0002441","10","25","adam","1.4142135623730951","true","0.4790427088737488","0.4902687668800354","0.4607032537460327","0.23966123163700104","0.2793597877025604","176.62937927246094","181.26548767089844","12.12239933013916","124.9277801513672","139.9202117919922","0","0.00007888935942901298","0.00005152107041794807","0.0063430615700781345","0.25802379846572876","0.14843732118606567","1.2662662267684937","0.3188000023365021","1.9905812740325928","1.9583351612091064","0","0.3188000023365021","1.9905816316604616"
"std_adam_w2048_lr0.000122_e25_b128_9010","finished","-","","","2024-10-18T00:26:21.000Z","175","","2048","3072","0.000122","10","25","adam","1.4142135623730951","false","0.9616550207138062","1.0786720514297483","6.757321357727051","0.3868766725063324","0.6381438970565796","363.6603393554687","416.2369384765625","168.88995361328125","223.8614044189453","287.0491943359375","0","0.0005366781260818243","0.0002291309938300401","0.0042488002218306065","1.8284627199172976","0.685749888420105","0.8535349369049072","0.5630000233650208","2.1289241313934326","0.15316307544708252","0","0.5630000233650208","2.1289241313934326"
"mup_adam_w1024_lr0.000122_e25_b128_2875","finished","-","","","2024-10-17T23:28:22.000Z","139","","1024","3072","0.000122","10","25","adam","1.4142135623730951","true","0.3363990783691406","0.34106001257896423","0.21170218288898468","0.1682644486427307","0.1792209893465042","87.9226303100586","89.63533020019531","5.638676643371582","62.443695068359375","66.17328643798828","0","0.00013085734099149704","0.00006617027975153178","0.004906185902655125","0.3070097267627716","0.0998157039284706","0.6997674107551575","0.27869999408721924","2.1508398056030273","2.1515989303588867","0","0.27869999408721924","2.1508400440216064"
"mup_adam_w9192_lr0.000122_e25_b128_8746","finished","-","","","2024-10-18T09:33:25.000Z","1007","","9192","3072","0.000122","10","25","adam","1.4142135623730951","true","0.5657685995101929","0.5753253698348999","0.2688748240470886","0.2841796576976776","0.30756598711013794","442.8177490234375","449.9912109375","7.104701995849609","313.9169921875","332.7702331542969","0","0.00001324296317761764","0.000011154291314596776","0.007756045088171959","0.09182873368263245","0.14741867780685425","3.317807912826538","0.295199990272522","2.10290265083313","2.095395565032959","0","0.295199990272522","2.102902889251709"
"std_adam_w1024_lr0.000122_e25_b128_3160","finished","-","","","2024-10-17T23:25:44.000Z","136","","1024","3072","0.000122","10","25","adam","1.4142135623730951","false","1.113309621810913","1.0486488342285156","4.92899751663208","0.4962458610534668","0.8188035488128662","296.74200439453125","269.6924743652344","123.20382690429688","195.31105041503903","232.4886474609375","0","0.00108741398435086","0.0007096234476193786","0.007293057627975941","2.550611734390259","0.9837650656700134","1.0022265911102295","0.5508000254631042","1.7658461332321167","0.19932833313941956","0","0.5508000254631042","1.7658461332321167"
"mup_adam_w4096_lr0.000122_e25_b128_9239","finished","-","","","2024-10-18T06:42:46.000Z","352","","4096","3072","0.000122","10","25","adam","1.4142135623730951","true","0.5678259134292603","0.5767180919647217","0.2603890001773834","0.2843813896179199","0.2990286350250244","296.15338134765625","301.4658508300781","6.88517951965332","209.751708984375","218.8094940185547","0","0.00002956792013719678","0.000024838247554725967","0.0076372879557311535","0.1372026652097702","0.14712858200073242","2.1926591396331787","0.2921999990940094","2.1084048748016357","2.1013150215148926","0","0.2921999990940094","2.1084046363830566"
"mup_adam_w512_lr0.000122_e25_b128_3309","finished","-","","","2024-10-18T05:25:57.000Z","140","","512","3072","0.000122","10","25","adam","1.4142135623730951","true","0.2384284734725952","0.2559298276901245","0.17142073810100555","0.11893979460000992","0.12819895148277283","44.00043869018555","47.44083786010742","4.505222320556641","31.06386947631836","33.662105560302734","0","0.0002884398854803294","0.00009829784539761022","0.0036693625152111058","0.47903332114219666","0.0743739977478981","0.38405725359916687","0.263700008392334","2.1738879680633545","2.18021297454834","0","0.263700008392334","2.1738884449005127"
"mup_adam_w2048_lr0.000122_e25_b128_2346","finished","-","","","2024-10-18T00:29:40.000Z","189","","2048","3072","0.000122","10","25","adam","1.4142135623730951","true","0.4629583358764648","0.46695059537887573","0.23080429434776303","0.23128581047058103","0.2537689805030823","170.91824340820312","173.190185546875","6.160161018371582","120.75973510742188","129.63478088378906","0","0.0000625946995569393","0.00004291096411179751","0.006570161785930395","0.20626910030841827","0.12714794278144836","1.3222355842590332","0.2896000146865845","2.1260616779327393","2.118095874786377","0","0.2896000146865845","2.1260616779327393"
"std_adam_w4096_lr0.000122_e25_b128_4673","finished","-","","","2024-10-18T06:36:33.000Z","321","","4096","3072","0.000122","10","25","adam","1.4142135623730951","false","0.8714482188224792","1.5165538787841797","8.096358299255371","0.31220561265945435","0.4483399987220764","463.73931884765625","902.2352294921876","204.13136291503903","265.496337890625","363.89013671875","0","0.0001753448013914749","0.0000720512616680935","0.001941378810442984","0.8404813408851624","0.5090612173080444","0.7628693580627441","0.569599986076355","2.454228401184082","0.07128286361694336","0","0.569599986076355","2.45422887802124"
"std_adam_w512_lr0.000122_e25_b128_5926","finished","-","","","2024-10-18T05:23:08.000Z","136","","512","3072","0.000122","10","25","adam","1.4142135623730951","false","1.3176910877227783","1.0988757610321045","3.481983184814453","0.622164249420166","0.9477526545524596","248.83233642578125","194.8888397216797","88.30707550048828","169.99046325683594","182.5018310546875","0","0.0014540122356265783","0.0015640901401638985","0.010706464760005474","2.3873143196105957","1.065876007080078","0.995431900024414","0.5422999858856201","1.5002493858337402","0.38671037554740906","0","0.5422999858856201","1.5002495050430298"
"std_adam_w9192_lr0.000122_e25_b128_5809","finished","-","","","2024-10-18T09:17:42.000Z","888","","9192","3072","0.000122","10","25","adam","1.4142135623730951","false","0.8260068297386169","3.2836647033691406","9.066282272338867","0.2616997957229614","0.28177693486213684","651.2877197265625","3026.7529296875","228.0226898193359","344.9353942871094","533.120361328125","0","0.0000939507081056945","0.000015242010704241691","0.0010162574471905828","0.7986350059509277","0.33621692657470703","0.721788227558136","0.578499972820282","2.5900824069976807","0.04694771766662598","0","0.578499972820282","2.5900819301605225"
"mup_adam_w4096_lr6.103e-05_e25_b128_6434","finished","-","","","2024-10-18T06:29:54.000Z","348","","4096","3072","0.00006103","10","25","adam","1.4142135623730951","true","0.5563924312591553","0.5604616403579712","0.14181828498840332","0.2792142629623413","0.2875668406486511","290.5774841308594","292.1894226074219","3.682417154312134","205.78128051757812","210.3257751464844","0","0.00002617925565573387","0.000022616302885580808","0.008032159879803658","0.12134009599685668","0.13530126214027405","2.324897050857544","0.2752000093460083","2.193281650543213","2.1897053718566895","0","0.2752000093460083","2.193281650543213"
"std_adam_w9192_lr6.103e-05_e25_b128_4669","finished","-","","","2024-10-18T08:44:02.000Z","903","","9192","3072","0.00006103","10","25","adam","1.4142135623730951","false","0.4585375189781189","0.8018497228622437","7.396809101104736","0.17042021453380585","0.31560537219047546","366.5909423828125","700.023193359375","184.717529296875","214.4329833984375","345.32171630859375","0","0.0002527097531128675","0.00003827915497822687","0.001961832633242011","1.860467553138733","0.5855154991149902","1.034509539604187","0.5647000074386597","2.4064884185791016","0.09585984796285628","0","0.5647000074386597","2.4064881801605225"
"std_adam_w1024_lr6.103e-05_e25_b128_8427","finished","-","","","2024-10-17T23:20:20.000Z","136","","1024","3072","0.00006103","10","25","adam","1.4142135623730951","false","0.8102904558181763","0.7815970778465271","3.2169580459594727","0.3938322365283966","0.7098848819732666","217.0510711669922","191.8223571777344","81.71800231933594","150.33505249023438","183.98602294921875","0","0.0011782580986618996","0.000702291785273701","0.008563349023461342","2.738227605819702","0.9577373266220092","1.1170727014541626","0.5467000007629395","1.4211370944976809","0.42653995752334595","0","0.5467000007629395","1.421136736869812"
"mup_adam_w2048_lr6.103e-05_e25_b128_1343","finished","-","","","2024-10-18T00:22:55.000Z","183","","2048","3072","0.00006103","10","25","adam","1.4142135623730951","true","0.4560905694961548","0.45761623978614807","0.1199369728565216","0.22851777076721191","0.238129198551178","168.6856689453125","169.2008056640625","3.1686978340148926","119.29071044921876","122.36868286132812","0","0.00005473038982017897","0.00003829001070698723","0.006728164851665497","0.1782267689704895","0.11492472887039185","1.3720765113830566","0.2718999981880188","2.2089672088623047","2.2126717567443848","0","0.2718999981880188","2.2089667320251465"
"mup_adam_w1024_lr6.103e-05_e25_b128_5135","finished","-","","","2024-10-17T23:23:00.000Z","142","","1024","3072","0.00006103","10","25","adam","1.4142135623730951","true","0.3252066969871521","0.32787221670150757","0.09574019908905028","0.1629839837551117","0.1667584925889969","84.91531372070312","85.23160552978516","2.4798858165740967","60.210845947265625","61.07647705078125","0","0.00011273023847024888","0.0000560609478270635","0.004841329995542765","0.2600265145301819","0.08496171236038208","0.70564204454422","0.2567000091075897","2.229126453399658","2.2301838397979736","0","0.2567000091075897","2.229125738143921"
"mup_adam_w512_lr6.103e-05_e25_b128_8553","finished","-","","","2024-10-18T05:19:54.000Z","142","","512","3072","0.00006103","10","25","adam","1.4142135623730951","true","0.23218990862369537","0.23726904392242432","0.08089790493249893","0.11688409000635148","0.12283061444759368","42.74026870727539","43.80219268798828","2.109980583190918","30.44429397583008","31.60680389404297","0","0.00023498208611272275","0.00008420256926910952","0.003573726862668991","0.3854970037937164","0.06430201232433319","0.3692242503166199","0.25369998812675476","2.241386651992798","2.2440335750579834","0","0.25369998812675476","2.241386651992798"
"std_adam_w2048_lr6.103e-05_e25_b128_3633","finished","-","","","2024-10-18T00:19:34.000Z","178","","2048","3072","0.00006103","10","25","adam","1.4142135623730951","false","0.6434726119041443","0.6918721199035645","4.7026238441467285","0.2927492558956146","0.6125564575195312","243.6428680419922","242.31295776367188","116.86683654785156","161.85433959960938","228.106689453125","0","0.0008584712632000446","0.00028670780011452734","0.0049950373359024525","2.8370399475097656","0.7814201712608337","0.960875928401947","0.5543000102043152","1.6513195037841797","0.18993818759918213","0","0.5543000102043152","1.6513195037841797"
"std_adam_w4096_lr6.103e-05_e25_b128_7901","finished","-","","","2024-10-18T06:23:56.000Z","306","","4096","3072","0.00006103","10","25","adam","1.4142135623730951","false","0.527677059173584","0.643083930015564","6.115447044372559","0.22127880156040192","0.4917459189891815","282.203857421875","332.9834899902344","151.39883422851562","178.0211639404297","279.30523681640625","0","0.0004942715167999268","0.00008774272282607853","0.002587328432127834","2.3830270767211914","0.5067223906517029","0.7310909032821655","0.5651000142097473","1.956905484199524","0.13245831429958344","0","0.5651000142097473","1.956905484199524"
"std_adam_w512_lr6.103e-05_e25_b128_6431","finished","-","","","2024-10-18T05:16:56.000Z","138","","512","3072","0.00006103","10","25","adam","1.4142135623730951","false","1.0528888702392578","0.9232301712036132","2.458176612854004","0.5389488935470581","0.8527988195419312","199.62576293945312","160.29812622070312","63.14909744262695","142.49078369140625","155.6961669921875","0","0.001256632967852056","0.0013494404265657067","0.010936043225228786","2.0645570755004883","0.9351305961608888","0.9923393726348876","0.5404999852180481","1.3331104516983032","0.696133017539978","0","0.5404999852180481","1.3331104516983032"
"mup_adam_w9192_lr6.103e-05_e25_b128_3303","finished","-","","","2024-10-18T08:59:59.000Z","1016","","9192","3072","0.00006103","10","25","adam","1.4142135623730951","true","0.5594407320022583","0.5632144212722778","0.14104615151882172","0.2802904546260834","0.2919734716415405","437.3181762695313","440.3406066894531","3.6811275482177734","309.4903869628906","318.82208251953125","0","0.000011703673408192117","0.000010059105079562867","0.008011757396161556","0.08100926876068115","0.13433514535427094","3.462693214416504","0.27810001373291016","2.1927011013031006","2.1911940574645996","0","0.27810001373291016","2.1927008628845215"